{
    "loss": 8.176414489746094,
    "accuracy": 0.5344827771186829
}