{
    "loss": 0.8098670840263367,
    "accuracy": 0.9051724076271057
}